{
    "type": "FeatureCollection",
    "crs": {
        "type": "name",
        "properties": {
            "name": "urn:ogc:def:crs:OGC:1.3:CRS84"
        }
    },
    "features": [
        {
            "type": "Feature",
            "properties": {
                "name": "London Heathrow - Churchill's War Rooms"
            },
            "geometry": {
                "type": "Polygon",
                "coordinates": [
                    [
                        -0.45418,
                        51.470012
                    ],
                    [
                        -0.454211,
                        51.470131
                    ],
                    [
                        -0.454384,
                        51.471098
                    ],
                    [
                        -0.454381,
                        51.471164
                    ],
                    [
                        -0.454327,
                        51.471349
                    ],
                    [
                        -0.454235,
                        51.471511
                    ],
                    [
                        -0.454055,
                        51.471728
                    ],
                    [
                        -0.453995,
                        51.471801
                    ],
                    [
                        -0.453784,
                        51.471964
                    ],
                    [
                        -0.453531,
                        51.472142
                    ],
                    [
                        -0.453393,
                        51.472268
                    ],
                    [
                        -0.453247,
                        51.472459
                    ],
                    [
                        -0.453203,
                        51.472547
                    ],
                    [
                        -0.453126,
                        51.472833
                    ],
                    [
                        -0.453096,
                        51.473142
                    ],
                    [
                        -0.453018,
                        51.474092
                    ],
                    [
                        -0.453048,
                        51.479588
                    ],
                    [
                        -0.45305,
                        51.479771
                    ],
                    [
                        -0.453062,
                        51.480131
                    ],
                    [
                        -0.453088,
                        51.480273
                    ],
                    [
                        -0.453224,
                        51.480429
                    ],
                    [
                        -0.453293,
                        51.480481
                    ],
                    [
                        -0.453412,
                        51.480612
                    ],
                    [
                        -0.453527,
                        51.480814
                    ],
                    [
                        -0.453566,
                        51.480992
                    ],
                    [
                        -0.453554,
                        51.481264
                    ],
                    [
                        -0.453509,
                        51.481688
                    ],
                    [
                        -0.453468,
                        51.481818
                    ],
                    [
                        -0.453407,
                        51.481882
                    ],
                    [
                        -0.453348,
                        51.481936
                    ],
                    [
                        -0.453268,
                        51.481994
                    ],
                    [
                        -0.453036,
                        51.482137
                    ],
                    [
                        -0.452985,
                        51.482187
                    ],
                    [
                        -0.452947,
                        51.482272
                    ],
                    [
                        -0.45292,
                        51.482379
                    ],
                    [
                        -0.452904,
                        51.482526
                    ],
                    [
                        -0.452717,
                        51.48456
                    ],
                    [
                        -0.452706,
                        51.484918
                    ],
                    [
                        -0.452736,
                        51.485594
                    ],
                    [
                        -0.452829,
                        51.486307
                    ],
                    [
                        -0.452929,
                        51.486801
                    ],
                    [
                        -0.4531,
                        51.4874
                    ],
                    [
                        -0.453566,
                        51.488738
                    ],
                    [
                        -0.453714,
                        51.489269
                    ],
                    [
                        -0.453813,
                        51.489788
                    ],
                    [
                        -0.45387,
                        51.49018
                    ],
                    [
                        -0.453906,
                        51.490679
                    ],
                    [
                        -0.453904,
                        51.491128
                    ],
                    [
                        -0.453849,
                        51.491854
                    ],
                    [
                        -0.453716,
                        51.493106
                    ],
                    [
                        -0.453699,
                        51.493249
                    ],
                    [
                        -0.453618,
                        51.49399
                    ],
                    [
                        -0.453609,
                        51.494079
                    ],
                    [
                        -0.453514,
                        51.494635
                    ],
                    [
                        -0.453521,
                        51.494752
                    ],
                    [
                        -0.453562,
                        51.494867
                    ],
                    [
                        -0.453708,
                        51.495034
                    ],
                    [
                        -0.453933,
                        51.495205
                    ],
                    [
                        -0.454428,
                        51.49532
                    ],
                    [
                        -0.454569,
                        51.495359
                    ],
                    [
                        -0.454716,
                        51.495384
                    ],
                    [
                        -0.454855,
                        51.4954
                    ],
                    [
                        -0.455013,
                        51.495416
                    ],
                    [
                        -0.455804,
                        51.495486
                    ],
                    [
                        -0.456745,
                        51.495557
                    ],
                    [
                        -0.457669,
                        51.495613
                    ],
                    [
                        -0.460512,
                        51.495732
                    ],
                    [
                        -0.461487,
                        51.495707
                    ],
                    [
                        -0.463005,
                        51.495608
                    ],
                    [
                        -0.464291,
                        51.495467
                    ],
                    [
                        -0.469739,
                        51.494793
                    ],
                    [
                        -0.471266,
                        51.494655
                    ],
                    [
                        -0.473867,
                        51.494469
                    ],
                    [
                        -0.475928,
                        51.494381
                    ],
                    [
                        -0.477438,
                        51.494347
                    ],
                    [
                        -0.47937,
                        51.494313
                    ],
                    [
                        -0.482595,
                        51.494117
                    ],
                    [
                        -0.483157,
                        51.494087
                    ],
                    [
                        -0.483577,
                        51.494077
                    ],
                    [
                        -0.485169,
                        51.494065
                    ],
                    [
                        -0.485681,
                        51.494078
                    ],
                    [
                        -0.486181,
                        51.49408
                    ],
                    [
                        -0.48688,
                        51.494099
                    ],
                    [
                        -0.487868,
                        51.494097
                    ],
                    [
                        -0.488257,
                        51.494072
                    ],
                    [
                        -0.488576,
                        51.494037
                    ],
                    [
                        -0.489294,
                        51.493925
                    ],
                    [
                        -0.489542,
                        51.49386
                    ],
                    [
                        -0.490226,
                        51.493653
                    ],
                    [
                        -0.491188,
                        51.493298
                    ],
                    [
                        -0.491608,
                        51.49311
                    ],
                    [
                        -0.492438,
                        51.492663
                    ],
                    [
                        -0.492896,
                        51.492356
                    ],
                    [
                        -0.493328,
                        51.492026
                    ],
                    [
                        -0.493668,
                        51.491719
                    ],
                    [
                        -0.494038,
                        51.491343
                    ],
                    [
                        -0.494357,
                        51.490995
                    ],
                    [
                        -0.49457,
                        51.49072
                    ],
                    [
                        -0.494801,
                        51.490371
                    ],
                    [
                        -0.495114,
                        51.489888
                    ],
                    [
                        -0.49542,
                        51.489332
                    ],
                    [
                        -0.496029,
                        51.488395
                    ],
                    [
                        -0.496531,
                        51.487729
                    ],
                    [
                        -0.496948,
                        51.487283
                    ],
                    [
                        -0.497278,
                        51.486891
                    ],
                    [
                        -0.497885,
                        51.486235
                    ],
                    [
                        -0.499131,
                        51.48499
                    ],
                    [
                        -0.500052,
                        51.484121
                    ],
                    [
                        -0.50041,
                        51.483767
                    ],
                    [
                        -0.50082,
                        51.483319
                    ],
                    [
                        -0.501373,
                        51.48268
                    ],
                    [
                        -0.501828,
                        51.482092
                    ],
                    [
                        -0.502076,
                        51.481736
                    ],
                    [
                        -0.502532,
                        51.481012
                    ],
                    [
                        -0.502691,
                        51.480727
                    ],
                    [
                        -0.503371,
                        51.479289
                    ],
                    [
                        -0.503515,
                        51.479
                    ],
                    [
                        -0.503694,
                        51.478451
                    ],
                    [
                        -0.503759,
                        51.478159
                    ],
                    [
                        -0.503844,
                        51.477815
                    ],
                    [
                        -0.503862,
                        51.477631
                    ],
                    [
                        -0.504363,
                        51.475275
                    ],
                    [
                        -0.504554,
                        51.474525
                    ],
                    [
                        -0.504828,
                        51.47366
                    ],
                    [
                        -0.505146,
                        51.472842
                    ],
                    [
                        -0.505491,
                        51.47208
                    ],
                    [
                        -0.506126,
                        51.470891
                    ],
                    [
                        -0.5068,
                        51.469838
                    ],
                    [
                        -0.507474,
                        51.468926
                    ],
                    [
                        -0.508181,
                        51.468069
                    ],
                    [
                        -0.508753,
                        51.467439
                    ],
                    [
                        -0.509754,
                        51.466442
                    ],
                    [
                        -0.510592,
                        51.465701
                    ],
                    [
                        -0.511798,
                        51.464725
                    ],
                    [
                        -0.514576,
                        51.46267
                    ],
                    [
                        -0.51487,
                        51.462401
                    ],
                    [
                        -0.515871,
                        51.461499
                    ],
                    [
                        -0.5161,
                        51.461314
                    ],
                    [
                        -0.516697,
                        51.460675
                    ],
                    [
                        -0.517189,
                        51.460112
                    ],
                    [
                        -0.51797,
                        51.459016
                    ],
                    [
                        -0.518345,
                        51.458368
                    ],
                    [
                        -0.518861,
                        51.457281
                    ],
                    [
                        -0.519409,
                        51.455865
                    ],
                    [
                        -0.520433,
                        51.453299
                    ],
                    [
                        -0.521173,
                        51.4519
                    ],
                    [
                        -0.52171,
                        51.451157
                    ],
                    [
                        -0.522214,
                        51.450548
                    ],
                    [
                        -0.522773,
                        51.449977
                    ],
                    [
                        -0.524187,
                        51.448758
                    ],
                    [
                        -0.524492,
                        51.448526
                    ],
                    [
                        -0.526144,
                        51.447358
                    ],
                    [
                        -0.526793,
                        51.446929
                    ],
                    [
                        -0.528091,
                        51.445831
                    ],
                    [
                        -0.528556,
                        51.445344
                    ],
                    [
                        -0.528921,
                        51.444919
                    ],
                    [
                        -0.529283,
                        51.444445
                    ],
                    [
                        -0.529692,
                        51.443836
                    ],
                    [
                        -0.529929,
                        51.443423
                    ],
                    [
                        -0.530095,
                        51.443102
                    ],
                    [
                        -0.531007,
                        51.441117
                    ],
                    [
                        -0.531746,
                        51.439866
                    ],
                    [
                        -0.53225,
                        51.439273
                    ],
                    [
                        -0.532969,
                        51.438577
                    ],
                    [
                        -0.533494,
                        51.438106
                    ],
                    [
                        -0.533867,
                        51.437794
                    ],
                    [
                        -0.535125,
                        51.436846
                    ],
                    [
                        -0.53591,
                        51.436277
                    ],
                    [
                        -0.53626,
                        51.435989
                    ],
                    [
                        -0.536651,
                        51.435644
                    ],
                    [
                        -0.536958,
                        51.435364
                    ],
                    [
                        -0.537099,
                        51.435225
                    ],
                    [
                        -0.537856,
                        51.434438
                    ],
                    [
                        -0.538729,
                        51.433355
                    ],
                    [
                        -0.539041,
                        51.432846
                    ],
                    [
                        -0.539543,
                        51.432061
                    ],
                    [
                        -0.539793,
                        51.431578
                    ],
                    [
                        -0.539935,
                        51.431274
                    ],
                    [
                        -0.540032,
                        51.431045
                    ],
                    [
                        -0.540262,
                        51.430447
                    ],
                    [
                        -0.540447,
                        51.429848
                    ],
                    [
                        -0.540596,
                        51.429201
                    ],
                    [
                        -0.540703,
                        51.428556
                    ],
                    [
                        -0.540766,
                        51.427894
                    ],
                    [
                        -0.540777,
                        51.427314
                    ],
                    [
                        -0.540747,
                        51.426694
                    ],
                    [
                        -0.540661,
                        51.425963
                    ],
                    [
                        -0.540618,
                        51.425721
                    ],
                    [
                        -0.540563,
                        51.425446
                    ],
                    [
                        -0.540026,
                        51.423459
                    ],
                    [
                        -0.539701,
                        51.422004
                    ],
                    [
                        -0.539537,
                        51.421126
                    ],
                    [
                        -0.539434,
                        51.420039
                    ],
                    [
                        -0.539452,
                        51.418612
                    ],
                    [
                        -0.539557,
                        51.417431
                    ],
                    [
                        -0.539745,
                        51.416422
                    ],
                    [
                        -0.540608,
                        51.41291
                    ],
                    [
                        -0.540709,
                        51.412363
                    ],
                    [
                        -0.540839,
                        51.410823
                    ],
                    [
                        -0.540816,
                        51.409975
                    ],
                    [
                        -0.540731,
                        51.409226
                    ],
                    [
                        -0.54055,
                        51.4082
                    ],
                    [
                        -0.540265,
                        51.407192
                    ],
                    [
                        -0.540015,
                        51.406409
                    ],
                    [
                        -0.539307,
                        51.404727
                    ],
                    [
                        -0.53913,
                        51.404336
                    ],
                    [
                        -0.538948,
                        51.40393
                    ],
                    [
                        -0.538734,
                        51.403506
                    ],
                    [
                        -0.538343,
                        51.402665
                    ],
                    [
                        -0.538186,
                        51.402381
                    ],
                    [
                        -0.537904,
                        51.401791
                    ],
                    [
                        -0.537832,
                        51.401649
                    ],
                    [
                        -0.537751,
                        51.401493
                    ],
                    [
                        -0.537499,
                        51.400999
                    ],
                    [
                        -0.537221,
                        51.400479
                    ],
                    [
                        -0.536757,
                        51.399639
                    ],
                    [
                        -0.536374,
                        51.398978
                    ],
                    [
                        -0.535143,
                        51.396921
                    ],
                    [
                        -0.534708,
                        51.396271
                    ],
                    [
                        -0.533716,
                        51.394875
                    ],
                    [
                        -0.533343,
                        51.394423
                    ],
                    [
                        -0.532807,
                        51.39377
                    ],
                    [
                        -0.532467,
                        51.393396
                    ],
                    [
                        -0.532013,
                        51.39292
                    ],
                    [
                        -0.531726,
                        51.392628
                    ],
                    [
                        -0.530938,
                        51.391912
                    ],
                    [
                        -0.530039,
                        51.391157
                    ],
                    [
                        -0.529034,
                        51.39043
                    ],
                    [
                        -0.528194,
                        51.389865
                    ],
                    [
                        -0.527389,
                        51.38939
                    ],
                    [
                        -0.524597,
                        51.387805
                    ],
                    [
                        -0.520125,
                        51.385342
                    ],
                    [
                        -0.517945,
                        51.384129
                    ],
                    [
                        -0.517555,
                        51.383897
                    ],
                    [
                        -0.516984,
                        51.383552
                    ],
                    [
                        -0.515338,
                        51.382366
                    ],
                    [
                        -0.514258,
                        51.381522
                    ],
                    [
                        -0.512928,
                        51.380319
                    ],
                    [
                        -0.512342,
                        51.379755
                    ],
                    [
                        -0.511562,
                        51.378919
                    ],
                    [
                        -0.511022,
                        51.378208
                    ],
                    [
                        -0.510398,
                        51.377394
                    ],
                    [
                        -0.509681,
                        51.376271
                    ],
                    [
                        -0.5089,
                        51.374787
                    ],
                    [
                        -0.508332,
                        51.373555
                    ],
                    [
                        -0.507937,
                        51.37263
                    ],
                    [
                        -0.507401,
                        51.371588
                    ],
                    [
                        -0.507203,
                        51.371148
                    ],
                    [
                        -0.506723,
                        51.3703
                    ],
                    [
                        -0.506019,
                        51.369297
                    ],
                    [
                        -0.505387,
                        51.368485
                    ],
                    [
                        -0.504995,
                        51.367988
                    ],
                    [
                        -0.503337,
                        51.366251
                    ],
                    [
                        -0.501148,
                        51.364258
                    ],
                    [
                        -0.496642,
                        51.359852
                    ],
                    [
                        -0.492125,
                        51.354937
                    ],
                    [
                        -0.491834,
                        51.354669
                    ],
                    [
                        -0.490819,
                        51.353619
                    ],
                    [
                        -0.490342,
                        51.353177
                    ],
                    [
                        -0.489668,
                        51.352551
                    ],
                    [
                        -0.488713,
                        51.351704
                    ],
                    [
                        -0.487831,
                        51.350864
                    ],
                    [
                        -0.487218,
                        51.350238
                    ],
                    [
                        -0.486871,
                        51.349786
                    ],
                    [
                        -0.486369,
                        51.349116
                    ],
                    [
                        -0.485763,
                        51.347991
                    ],
                    [
                        -0.485583,
                        51.347556
                    ],
                    [
                        -0.485419,
                        51.346999
                    ],
                    [
                        -0.485259,
                        51.346061
                    ],
                    [
                        -0.485204,
                        51.345276
                    ],
                    [
                        -0.485187,
                        51.344479
                    ],
                    [
                        -0.485233,
                        51.343353
                    ],
                    [
                        -0.485225,
                        51.341935
                    ],
                    [
                        -0.485058,
                        51.339869
                    ],
                    [
                        -0.484933,
                        51.339352
                    ],
                    [
                        -0.484701,
                        51.338184
                    ],
                    [
                        -0.484272,
                        51.336687
                    ],
                    [
                        -0.484046,
                        51.336036
                    ],
                    [
                        -0.483233,
                        51.334451
                    ],
                    [
                        -0.482839,
                        51.33377
                    ],
                    [
                        -0.482384,
                        51.333042
                    ],
                    [
                        -0.481963,
                        51.332553
                    ],
                    [
                        -0.481285,
                        51.331818
                    ],
                    [
                        -0.480564,
                        51.331137
                    ],
                    [
                        -0.479586,
                        51.330252
                    ],
                    [
                        -0.47871,
                        51.329566
                    ],
                    [
                        -0.477373,
                        51.328693
                    ],
                    [
                        -0.476887,
                        51.328411
                    ],
                    [
                        -0.476561,
                        51.328228
                    ],
                    [
                        -0.476087,
                        51.327972
                    ],
                    [
                        -0.475805,
                        51.327832
                    ],
                    [
                        -0.474649,
                        51.327296
                    ],
                    [
                        -0.472876,
                        51.326594
                    ],
                    [
                        -0.472138,
                        51.326333
                    ],
                    [
                        -0.471387,
                        51.326097
                    ],
                    [
                        -0.47014,
                        51.325742
                    ],
                    [
                        -0.469176,
                        51.325499
                    ],
                    [
                        -0.468219,
                        51.325296
                    ],
                    [
                        -0.467104,
                        51.325093
                    ],
                    [
                        -0.466495,
                        51.324998
                    ],
                    [
                        -0.465159,
                        51.324827
                    ],
                    [
                        -0.462145,
                        51.324564
                    ],
                    [
                        -0.459997,
                        51.324315
                    ],
                    [
                        -0.459544,
                        51.324262
                    ],
                    [
                        -0.457946,
                        51.324017
                    ],
                    [
                        -0.455448,
                        51.323571
                    ],
                    [
                        -0.454934,
                        51.323469
                    ],
                    [
                        -0.453745,
                        51.3232
                    ],
                    [
                        -0.452495,
                        51.322892
                    ],
                    [
                        -0.450741,
                        51.322397
                    ],
                    [
                        -0.448764,
                        51.321776
                    ],
                    [
                        -0.446904,
                        51.321124
                    ],
                    [
                        -0.445539,
                        51.320587
                    ],
                    [
                        -0.444434,
                        51.320156
                    ],
                    [
                        -0.442009,
                        51.318969
                    ],
                    [
                        -0.441433,
                        51.318686
                    ],
                    [
                        -0.440526,
                        51.318217
                    ],
                    [
                        -0.437817,
                        51.316919
                    ],
                    [
                        -0.435722,
                        51.315982
                    ],
                    [
                        -0.433981,
                        51.315239
                    ],
                    [
                        -0.428677,
                        51.313144
                    ],
                    [
                        -0.426015,
                        51.312093
                    ],
                    [
                        -0.423176,
                        51.311004
                    ],
                    [
                        -0.421108,
                        51.310248
                    ],
                    [
                        -0.417191,
                        51.308828
                    ],
                    [
                        -0.414675,
                        51.308037
                    ],
                    [
                        -0.414106,
                        51.30791
                    ],
                    [
                        -0.413155,
                        51.30767
                    ],
                    [
                        -0.412438,
                        51.307488
                    ],
                    [
                        -0.411241,
                        51.307221
                    ],
                    [
                        -0.40972,
                        51.30694
                    ],
                    [
                        -0.40837,
                        51.306668
                    ],
                    [
                        -0.407165,
                        51.306448
                    ],
                    [
                        -0.406882,
                        51.3064
                    ],
                    [
                        -0.406523,
                        51.306336
                    ],
                    [
                        -0.405777,
                        51.306218
                    ],
                    [
                        -0.40461,
                        51.306094
                    ],
                    [
                        -0.404134,
                        51.306065
                    ],
                    [
                        -0.402595,
                        51.30599
                    ],
                    [
                        -0.402075,
                        51.305972
                    ],
                    [
                        -0.401648,
                        51.30597
                    ],
                    [
                        -0.400439,
                        51.305983
                    ],
                    [
                        -0.39949,
                        51.305999
                    ],
                    [
                        -0.397897,
                        51.306113
                    ],
                    [
                        -0.395472,
                        51.306435
                    ],
                    [
                        -0.394074,
                        51.306694
                    ],
                    [
                        -0.392544,
                        51.307007
                    ],
                    [
                        -0.391126,
                        51.307333
                    ],
                    [
                        -0.388809,
                        51.30802
                    ],
                    [
                        -0.387478,
                        51.308385
                    ],
                    [
                        -0.386114,
                        51.308835
                    ],
                    [
                        -0.383925,
                        51.309517
                    ],
                    [
                        -0.382234,
                        51.309967
                    ],
                    [
                        -0.380715,
                        51.310348
                    ],
                    [
                        -0.378249,
                        51.31094
                    ],
                    [
                        -0.377876,
                        51.311014
                    ],
                    [
                        -0.375234,
                        51.31158
                    ],
                    [
                        -0.372535,
                        51.312092
                    ],
                    [
                        -0.3676,
                        51.312704
                    ],
                    [
                        -0.364304,
                        51.312966
                    ],
                    [
                        -0.361197,
                        51.313074
                    ],
                    [
                        -0.359841,
                        51.313101
                    ],
                    [
                        -0.357446,
                        51.313219
                    ],
                    [
                        -0.355643,
                        51.313332
                    ],
                    [
                        -0.354613,
                        51.313466
                    ],
                    [
                        -0.351672,
                        51.313962
                    ],
                    [
                        -0.350759,
                        51.314146
                    ],
                    [
                        -0.349516,
                        51.314436
                    ],
                    [
                        -0.345744,
                        51.315375
                    ],
                    [
                        -0.343963,
                        51.315654
                    ],
                    [
                        -0.342997,
                        51.315758
                    ],
                    [
                        -0.341518,
                        51.315847
                    ],
                    [
                        -0.340453,
                        51.315859
                    ],
                    [
                        -0.339879,
                        51.315935
                    ],
                    [
                        -0.339063,
                        51.315908
                    ],
                    [
                        -0.336617,
                        51.315687
                    ],
                    [
                        -0.333189,
                        51.315199
                    ],
                    [
                        -0.332433,
                        51.31511
                    ],
                    [
                        -0.332127,
                        51.315125
                    ],
                    [
                        -0.331819,
                        51.315205
                    ],
                    [
                        -0.331685,
                        51.315295
                    ],
                    [
                        -0.331606,
                        51.315364
                    ],
                    [
                        -0.331567,
                        51.315513
                    ],
                    [
                        -0.331485,
                        51.315597
                    ],
                    [
                        -0.33121,
                        51.31584
                    ],
                    [
                        -0.331043,
                        51.315939
                    ],
                    [
                        -0.330954,
                        51.315972
                    ],
                    [
                        -0.330802,
                        51.316099
                    ],
                    [
                        -0.330688,
                        51.316206
                    ],
                    [
                        -0.330618,
                        51.316362
                    ],
                    [
                        -0.330572,
                        51.316555
                    ],
                    [
                        -0.330561,
                        51.316743
                    ],
                    [
                        -0.330731,
                        51.317194
                    ],
                    [
                        -0.330777,
                        51.317592
                    ],
                    [
                        -0.33079,
                        51.317921
                    ],
                    [
                        -0.330661,
                        51.318578
                    ],
                    [
                        -0.329754,
                        51.320872
                    ],
                    [
                        -0.329622,
                        51.321246
                    ],
                    [
                        -0.329341,
                        51.321991
                    ],
                    [
                        -0.328569,
                        51.323972
                    ],
                    [
                        -0.328088,
                        51.325091
                    ],
                    [
                        -0.327796,
                        51.325667
                    ],
                    [
                        -0.327648,
                        51.325955
                    ],
                    [
                        -0.327453,
                        51.326243
                    ],
                    [
                        -0.32731,
                        51.326444
                    ],
                    [
                        -0.327184,
                        51.326622
                    ],
                    [
                        -0.327118,
                        51.326713
                    ],
                    [
                        -0.32704,
                        51.326815
                    ],
                    [
                        -0.32628,
                        51.327793
                    ],
                    [
                        -0.325479,
                        51.328877
                    ],
                    [
                        -0.325221,
                        51.329223
                    ],
                    [
                        -0.325044,
                        51.329462
                    ],
                    [
                        -0.324385,
                        51.330354
                    ],
                    [
                        -0.323427,
                        51.331837
                    ],
                    [
                        -0.322115,
                        51.333974
                    ],
                    [
                        -0.321645,
                        51.33474
                    ],
                    [
                        -0.3212,
                        51.335515
                    ],
                    [
                        -0.321029,
                        51.335822
                    ],
                    [
                        -0.320993,
                        51.335886
                    ],
                    [
                        -0.320248,
                        51.337404
                    ],
                    [
                        -0.320153,
                        51.337596
                    ],
                    [
                        -0.319796,
                        51.338324
                    ],
                    [
                        -0.319667,
                        51.338607
                    ],
                    [
                        -0.319489,
                        51.339009
                    ],
                    [
                        -0.319479,
                        51.339031
                    ],
                    [
                        -0.319103,
                        51.339665
                    ],
                    [
                        -0.319072,
                        51.339718
                    ],
                    [
                        -0.318559,
                        51.340597
                    ],
                    [
                        -0.318091,
                        51.341318
                    ],
                    [
                        -0.318028,
                        51.341428
                    ],
                    [
                        -0.317621,
                        51.342187
                    ],
                    [
                        -0.317096,
                        51.34312
                    ],
                    [
                        -0.316784,
                        51.343654
                    ],
                    [
                        -0.316309,
                        51.344447
                    ],
                    [
                        -0.316162,
                        51.344704
                    ],
                    [
                        -0.316087,
                        51.344845
                    ],
                    [
                        -0.315846,
                        51.345293
                    ],
                    [
                        -0.315738,
                        51.345518
                    ],
                    [
                        -0.315854,
                        51.345548
                    ],
                    [
                        -0.315979,
                        51.345606
                    ],
                    [
                        -0.316241,
                        51.345801
                    ],
                    [
                        -0.316385,
                        51.34587
                    ],
                    [
                        -0.31705,
                        51.346074
                    ],
                    [
                        -0.317347,
                        51.346189
                    ],
                    [
                        -0.317699,
                        51.346342
                    ],
                    [
                        -0.317973,
                        51.346484
                    ],
                    [
                        -0.318404,
                        51.346707
                    ],
                    [
                        -0.31896,
                        51.347032
                    ],
                    [
                        -0.319099,
                        51.347084
                    ],
                    [
                        -0.319216,
                        51.347091
                    ]
                ]
            }
        }
    ]
}